,season,race,round,driver_number,driver_name,finishing_position,meeting_key
0,2023,bahrain grand prix,1,33,Max Verstappen,1,1141
1,2023,bahrain grand prix,1,11,Sergio Pérez,2,1141
2,2023,bahrain grand prix,1,14,Fernando Alonso,3,1141
3,2023,bahrain grand prix,1,55,Carlos Sainz,4,1141
4,2023,bahrain grand prix,1,44,Lewis Hamilton,5,1141
5,2023,bahrain grand prix,1,18,Lance Stroll,6,1141
6,2023,bahrain grand prix,1,63,George Russell,7,1141
7,2023,bahrain grand prix,1,77,Valtteri Bottas,8,1141
8,2023,bahrain grand prix,1,10,Pierre Gasly,9,1141
9,2023,bahrain grand prix,1,23,Alexander Albon,10,1141
10,2023,bahrain grand prix,1,22,Yuki Tsunoda,11,1141
11,2023,bahrain grand prix,1,2,Logan Sargeant,12,1141
12,2023,bahrain grand prix,1,20,Kevin Magnussen,13,1141
13,2023,bahrain grand prix,1,21,Nyck de Vries,14,1141
14,2023,bahrain grand prix,1,27,Nico Hülkenberg,15,1141
15,2023,bahrain grand prix,1,24,Guanyu Zhou,16,1141
16,2023,bahrain grand prix,1,4,Lando Norris,17,1141
17,2023,bahrain grand prix,1,31,Esteban Ocon,18,1141
18,2023,bahrain grand prix,1,16,Charles Leclerc,19,1141
19,2023,bahrain grand prix,1,81,Oscar Piastri,20,1141
20,2023,saudi arabian grand prix,2,11,Sergio Pérez,1,1142
21,2023,saudi arabian grand prix,2,33,Max Verstappen,2,1142
22,2023,saudi arabian grand prix,2,14,Fernando Alonso,3,1142
23,2023,saudi arabian grand prix,2,63,George Russell,4,1142
24,2023,saudi arabian grand prix,2,44,Lewis Hamilton,5,1142
25,2023,saudi arabian grand prix,2,55,Carlos Sainz,6,1142
26,2023,saudi arabian grand prix,2,16,Charles Leclerc,7,1142
27,2023,saudi arabian grand prix,2,31,Esteban Ocon,8,1142
28,2023,saudi arabian grand prix,2,10,Pierre Gasly,9,1142
29,2023,saudi arabian grand prix,2,20,Kevin Magnussen,10,1142
30,2023,saudi arabian grand prix,2,22,Yuki Tsunoda,11,1142
31,2023,saudi arabian grand prix,2,27,Nico Hülkenberg,12,1142
32,2023,saudi arabian grand prix,2,24,Guanyu Zhou,13,1142
33,2023,saudi arabian grand prix,2,21,Nyck de Vries,14,1142
34,2023,saudi arabian grand prix,2,81,Oscar Piastri,15,1142
35,2023,saudi arabian grand prix,2,2,Logan Sargeant,16,1142
36,2023,saudi arabian grand prix,2,4,Lando Norris,17,1142
37,2023,saudi arabian grand prix,2,77,Valtteri Bottas,18,1142
38,2023,saudi arabian grand prix,2,23,Alexander Albon,19,1142
39,2023,saudi arabian grand prix,2,18,Lance Stroll,20,1142
40,2023,australian grand prix,3,33,Max Verstappen,1,1143
41,2023,australian grand prix,3,44,Lewis Hamilton,2,1143
42,2023,australian grand prix,3,14,Fernando Alonso,3,1143
43,2023,australian grand prix,3,18,Lance Stroll,4,1143
44,2023,australian grand prix,3,11,Sergio Pérez,5,1143
45,2023,australian grand prix,3,4,Lando Norris,6,1143
46,2023,australian grand prix,3,27,Nico Hülkenberg,7,1143
47,2023,australian grand prix,3,81,Oscar Piastri,8,1143
48,2023,australian grand prix,3,24,Guanyu Zhou,9,1143
49,2023,australian grand prix,3,22,Yuki Tsunoda,10,1143
50,2023,australian grand prix,3,77,Valtteri Bottas,11,1143
51,2023,australian grand prix,3,55,Carlos Sainz,12,1143
52,2023,australian grand prix,3,10,Pierre Gasly,13,1143
53,2023,australian grand prix,3,31,Esteban Ocon,14,1143
54,2023,australian grand prix,3,21,Nyck de Vries,15,1143
55,2023,australian grand prix,3,2,Logan Sargeant,16,1143
56,2023,australian grand prix,3,20,Kevin Magnussen,17,1143
57,2023,australian grand prix,3,63,George Russell,18,1143
58,2023,australian grand prix,3,23,Alexander Albon,19,1143
59,2023,australian grand prix,3,16,Charles Leclerc,20,1143
60,2023,azerbaijan grand prix,4,11,Sergio Pérez,1,1207
61,2023,azerbaijan grand prix,4,33,Max Verstappen,2,1207
62,2023,azerbaijan grand prix,4,16,Charles Leclerc,3,1207
63,2023,azerbaijan grand prix,4,14,Fernando Alonso,4,1207
64,2023,azerbaijan grand prix,4,55,Carlos Sainz,5,1207
65,2023,azerbaijan grand prix,4,44,Lewis Hamilton,6,1207
66,2023,azerbaijan grand prix,4,18,Lance Stroll,7,1207
67,2023,azerbaijan grand prix,4,63,George Russell,8,1207
68,2023,azerbaijan grand prix,4,4,Lando Norris,9,1207
69,2023,azerbaijan grand prix,4,22,Yuki Tsunoda,10,1207
70,2023,azerbaijan grand prix,4,81,Oscar Piastri,11,1207
71,2023,azerbaijan grand prix,4,23,Alexander Albon,12,1207
72,2023,azerbaijan grand prix,4,20,Kevin Magnussen,13,1207
73,2023,azerbaijan grand prix,4,10,Pierre Gasly,14,1207
74,2023,azerbaijan grand prix,4,31,Esteban Ocon,15,1207
75,2023,azerbaijan grand prix,4,2,Logan Sargeant,16,1207
76,2023,azerbaijan grand prix,4,27,Nico Hülkenberg,17,1207
77,2023,azerbaijan grand prix,4,77,Valtteri Bottas,18,1207
78,2023,azerbaijan grand prix,4,24,Guanyu Zhou,19,1207
79,2023,azerbaijan grand prix,4,21,Nyck de Vries,20,1207
80,2023,miami grand prix,5,33,Max Verstappen,1,1208
81,2023,miami grand prix,5,11,Sergio Pérez,2,1208
82,2023,miami grand prix,5,14,Fernando Alonso,3,1208
83,2023,miami grand prix,5,63,George Russell,4,1208
84,2023,miami grand prix,5,55,Carlos Sainz,5,1208
85,2023,miami grand prix,5,44,Lewis Hamilton,6,1208
86,2023,miami grand prix,5,16,Charles Leclerc,7,1208
87,2023,miami grand prix,5,10,Pierre Gasly,8,1208
88,2023,miami grand prix,5,31,Esteban Ocon,9,1208
89,2023,miami grand prix,5,20,Kevin Magnussen,10,1208
90,2023,miami grand prix,5,22,Yuki Tsunoda,11,1208
91,2023,miami grand prix,5,18,Lance Stroll,12,1208
92,2023,miami grand prix,5,77,Valtteri Bottas,13,1208
93,2023,miami grand prix,5,23,Alexander Albon,14,1208
94,2023,miami grand prix,5,27,Nico Hülkenberg,15,1208
95,2023,miami grand prix,5,24,Guanyu Zhou,16,1208
96,2023,miami grand prix,5,4,Lando Norris,17,1208
97,2023,miami grand prix,5,21,Nyck de Vries,18,1208
98,2023,miami grand prix,5,81,Oscar Piastri,19,1208
99,2023,miami grand prix,5,2,Logan Sargeant,20,1208
100,2023,monaco grand prix,6,33,Max Verstappen,1,1210
101,2023,monaco grand prix,6,14,Fernando Alonso,2,1210
102,2023,monaco grand prix,6,31,Esteban Ocon,3,1210
103,2023,monaco grand prix,6,44,Lewis Hamilton,4,1210
104,2023,monaco grand prix,6,63,George Russell,5,1210
105,2023,monaco grand prix,6,16,Charles Leclerc,6,1210
106,2023,monaco grand prix,6,10,Pierre Gasly,7,1210
107,2023,monaco grand prix,6,55,Carlos Sainz,8,1210
108,2023,monaco grand prix,6,4,Lando Norris,9,1210
109,2023,monaco grand prix,6,81,Oscar Piastri,10,1210
110,2023,monaco grand prix,6,77,Valtteri Bottas,11,1210
111,2023,monaco grand prix,6,21,Nyck de Vries,12,1210
112,2023,monaco grand prix,6,24,Guanyu Zhou,13,1210
113,2023,monaco grand prix,6,23,Alexander Albon,14,1210
114,2023,monaco grand prix,6,22,Yuki Tsunoda,15,1210
115,2023,monaco grand prix,6,11,Sergio Pérez,16,1210
116,2023,monaco grand prix,6,27,Nico Hülkenberg,17,1210
117,2023,monaco grand prix,6,2,Logan Sargeant,18,1210
118,2023,monaco grand prix,6,20,Kevin Magnussen,19,1210
119,2023,monaco grand prix,6,18,Lance Stroll,20,1210
120,2023,spanish grand prix,7,33,Max Verstappen,1,1211
121,2023,spanish grand prix,7,44,Lewis Hamilton,2,1211
122,2023,spanish grand prix,7,63,George Russell,3,1211
123,2023,spanish grand prix,7,11,Sergio Pérez,4,1211
124,2023,spanish grand prix,7,55,Carlos Sainz,5,1211
125,2023,spanish grand prix,7,18,Lance Stroll,6,1211
126,2023,spanish grand prix,7,14,Fernando Alonso,7,1211
127,2023,spanish grand prix,7,31,Esteban Ocon,8,1211
128,2023,spanish grand prix,7,24,Guanyu Zhou,9,1211
129,2023,spanish grand prix,7,10,Pierre Gasly,10,1211
130,2023,spanish grand prix,7,16,Charles Leclerc,11,1211
131,2023,spanish grand prix,7,22,Yuki Tsunoda,12,1211
132,2023,spanish grand prix,7,81,Oscar Piastri,13,1211
133,2023,spanish grand prix,7,21,Nyck de Vries,14,1211
134,2023,spanish grand prix,7,27,Nico Hülkenberg,15,1211
135,2023,spanish grand prix,7,23,Alexander Albon,16,1211
136,2023,spanish grand prix,7,4,Lando Norris,17,1211
137,2023,spanish grand prix,7,20,Kevin Magnussen,18,1211
138,2023,spanish grand prix,7,77,Valtteri Bottas,19,1211
139,2023,spanish grand prix,7,2,Logan Sargeant,20,1211
140,2023,canadian grand prix,8,33,Max Verstappen,1,1212
141,2023,canadian grand prix,8,14,Fernando Alonso,2,1212
142,2023,canadian grand prix,8,44,Lewis Hamilton,3,1212
143,2023,canadian grand prix,8,16,Charles Leclerc,4,1212
144,2023,canadian grand prix,8,55,Carlos Sainz,5,1212
145,2023,canadian grand prix,8,11,Sergio Pérez,6,1212
146,2023,canadian grand prix,8,23,Alexander Albon,7,1212
147,2023,canadian grand prix,8,31,Esteban Ocon,8,1212
148,2023,canadian grand prix,8,18,Lance Stroll,9,1212
149,2023,canadian grand prix,8,77,Valtteri Bottas,10,1212
150,2023,canadian grand prix,8,81,Oscar Piastri,11,1212
151,2023,canadian grand prix,8,10,Pierre Gasly,12,1212
152,2023,canadian grand prix,8,4,Lando Norris,13,1212
153,2023,canadian grand prix,8,22,Yuki Tsunoda,14,1212
154,2023,canadian grand prix,8,27,Nico Hülkenberg,15,1212
155,2023,canadian grand prix,8,24,Guanyu Zhou,16,1212
156,2023,canadian grand prix,8,20,Kevin Magnussen,17,1212
157,2023,canadian grand prix,8,21,Nyck de Vries,18,1212
158,2023,canadian grand prix,8,63,George Russell,19,1212
159,2023,canadian grand prix,8,2,Logan Sargeant,20,1212
160,2023,austrian grand prix,9,33,Max Verstappen,1,1213
161,2023,austrian grand prix,9,16,Charles Leclerc,2,1213
162,2023,austrian grand prix,9,11,Sergio Pérez,3,1213
163,2023,austrian grand prix,9,4,Lando Norris,4,1213
164,2023,austrian grand prix,9,14,Fernando Alonso,5,1213
165,2023,austrian grand prix,9,55,Carlos Sainz,6,1213
166,2023,austrian grand prix,9,63,George Russell,7,1213
167,2023,austrian grand prix,9,44,Lewis Hamilton,8,1213
168,2023,austrian grand prix,9,18,Lance Stroll,9,1213
169,2023,austrian grand prix,9,10,Pierre Gasly,10,1213
170,2023,austrian grand prix,9,23,Alexander Albon,11,1213
171,2023,austrian grand prix,9,24,Guanyu Zhou,12,1213
172,2023,austrian grand prix,9,2,Logan Sargeant,13,1213
173,2023,austrian grand prix,9,31,Esteban Ocon,14,1213
174,2023,austrian grand prix,9,77,Valtteri Bottas,15,1213
175,2023,austrian grand prix,9,81,Oscar Piastri,16,1213
176,2023,austrian grand prix,9,21,Nyck de Vries,17,1213
177,2023,austrian grand prix,9,20,Kevin Magnussen,18,1213
178,2023,austrian grand prix,9,22,Yuki Tsunoda,19,1213
179,2023,austrian grand prix,9,27,Nico Hülkenberg,20,1213
180,2023,british grand prix,10,33,Max Verstappen,1,1214
181,2023,british grand prix,10,4,Lando Norris,2,1214
182,2023,british grand prix,10,44,Lewis Hamilton,3,1214
183,2023,british grand prix,10,81,Oscar Piastri,4,1214
184,2023,british grand prix,10,63,George Russell,5,1214
185,2023,british grand prix,10,11,Sergio Pérez,6,1214
186,2023,british grand prix,10,14,Fernando Alonso,7,1214
187,2023,british grand prix,10,23,Alexander Albon,8,1214
188,2023,british grand prix,10,16,Charles Leclerc,9,1214
189,2023,british grand prix,10,55,Carlos Sainz,10,1214
190,2023,british grand prix,10,2,Logan Sargeant,11,1214
191,2023,british grand prix,10,77,Valtteri Bottas,12,1214
192,2023,british grand prix,10,27,Nico Hülkenberg,13,1214
193,2023,british grand prix,10,18,Lance Stroll,14,1214
194,2023,british grand prix,10,24,Guanyu Zhou,15,1214
195,2023,british grand prix,10,22,Yuki Tsunoda,16,1214
196,2023,british grand prix,10,21,Nyck de Vries,17,1214
197,2023,british grand prix,10,10,Pierre Gasly,18,1214
198,2023,british grand prix,10,20,Kevin Magnussen,19,1214
199,2023,british grand prix,10,31,Esteban Ocon,20,1214
200,2023,hungarian grand prix,11,33,Max Verstappen,1,1215
201,2023,hungarian grand prix,11,4,Lando Norris,2,1215
202,2023,hungarian grand prix,11,11,Sergio Pérez,3,1215
203,2023,hungarian grand prix,11,44,Lewis Hamilton,4,1215
204,2023,hungarian grand prix,11,81,Oscar Piastri,5,1215
205,2023,hungarian grand prix,11,63,George Russell,6,1215
206,2023,hungarian grand prix,11,16,Charles Leclerc,7,1215
207,2023,hungarian grand prix,11,55,Carlos Sainz,8,1215
208,2023,hungarian grand prix,11,14,Fernando Alonso,9,1215
209,2023,hungarian grand prix,11,18,Lance Stroll,10,1215
210,2023,hungarian grand prix,11,23,Alexander Albon,11,1215
211,2023,hungarian grand prix,11,77,Valtteri Bottas,12,1215
212,2023,hungarian grand prix,11,3,Daniel Ricciardo,13,1215
213,2023,hungarian grand prix,11,27,Nico Hülkenberg,14,1215
214,2023,hungarian grand prix,11,22,Yuki Tsunoda,15,1215
215,2023,hungarian grand prix,11,24,Guanyu Zhou,16,1215
216,2023,hungarian grand prix,11,20,Kevin Magnussen,17,1215
217,2023,hungarian grand prix,11,2,Logan Sargeant,18,1215
218,2023,hungarian grand prix,11,31,Esteban Ocon,19,1215
219,2023,hungarian grand prix,11,10,Pierre Gasly,20,1215
220,2023,belgian grand prix,12,33,Max Verstappen,1,1216
221,2023,belgian grand prix,12,11,Sergio Pérez,2,1216
222,2023,belgian grand prix,12,16,Charles Leclerc,3,1216
223,2023,belgian grand prix,12,44,Lewis Hamilton,4,1216
224,2023,belgian grand prix,12,14,Fernando Alonso,5,1216
225,2023,belgian grand prix,12,63,George Russell,6,1216
226,2023,belgian grand prix,12,4,Lando Norris,7,1216
227,2023,belgian grand prix,12,31,Esteban Ocon,8,1216
228,2023,belgian grand prix,12,18,Lance Stroll,9,1216
229,2023,belgian grand prix,12,22,Yuki Tsunoda,10,1216
230,2023,belgian grand prix,12,10,Pierre Gasly,11,1216
231,2023,belgian grand prix,12,77,Valtteri Bottas,12,1216
232,2023,belgian grand prix,12,24,Guanyu Zhou,13,1216
233,2023,belgian grand prix,12,23,Alexander Albon,14,1216
234,2023,belgian grand prix,12,20,Kevin Magnussen,15,1216
235,2023,belgian grand prix,12,3,Daniel Ricciardo,16,1216
236,2023,belgian grand prix,12,2,Logan Sargeant,17,1216
237,2023,belgian grand prix,12,27,Nico Hülkenberg,18,1216
238,2023,belgian grand prix,12,55,Carlos Sainz,19,1216
239,2023,belgian grand prix,12,81,Oscar Piastri,20,1216
240,2023,dutch grand prix,13,33,Max Verstappen,1,1217
241,2023,dutch grand prix,13,14,Fernando Alonso,2,1217
242,2023,dutch grand prix,13,10,Pierre Gasly,3,1217
243,2023,dutch grand prix,13,11,Sergio Pérez,4,1217
244,2023,dutch grand prix,13,55,Carlos Sainz,5,1217
245,2023,dutch grand prix,13,44,Lewis Hamilton,6,1217
246,2023,dutch grand prix,13,4,Lando Norris,7,1217
247,2023,dutch grand prix,13,23,Alexander Albon,8,1217
248,2023,dutch grand prix,13,81,Oscar Piastri,9,1217
249,2023,dutch grand prix,13,31,Esteban Ocon,10,1217
250,2023,dutch grand prix,13,18,Lance Stroll,11,1217
251,2023,dutch grand prix,13,27,Nico Hülkenberg,12,1217
252,2023,dutch grand prix,13,30,Liam Lawson,13,1217
253,2023,dutch grand prix,13,77,Valtteri Bottas,14,1217
254,2023,dutch grand prix,13,22,Yuki Tsunoda,15,1217
255,2023,dutch grand prix,13,20,Kevin Magnussen,16,1217
256,2023,dutch grand prix,13,63,George Russell,17,1217
257,2023,dutch grand prix,13,24,Guanyu Zhou,18,1217
258,2023,dutch grand prix,13,16,Charles Leclerc,19,1217
259,2023,dutch grand prix,13,2,Logan Sargeant,20,1217
260,2023,italian grand prix,14,33,Max Verstappen,1,1218
261,2023,italian grand prix,14,11,Sergio Pérez,2,1218
262,2023,italian grand prix,14,55,Carlos Sainz,3,1218
263,2023,italian grand prix,14,16,Charles Leclerc,4,1218
264,2023,italian grand prix,14,63,George Russell,5,1218
265,2023,italian grand prix,14,44,Lewis Hamilton,6,1218
266,2023,italian grand prix,14,23,Alexander Albon,7,1218
267,2023,italian grand prix,14,4,Lando Norris,8,1218
268,2023,italian grand prix,14,14,Fernando Alonso,9,1218
269,2023,italian grand prix,14,77,Valtteri Bottas,10,1218
270,2023,italian grand prix,14,30,Liam Lawson,11,1218
271,2023,italian grand prix,14,81,Oscar Piastri,12,1218
272,2023,italian grand prix,14,2,Logan Sargeant,13,1218
273,2023,italian grand prix,14,24,Guanyu Zhou,14,1218
274,2023,italian grand prix,14,10,Pierre Gasly,15,1218
275,2023,italian grand prix,14,18,Lance Stroll,16,1218
276,2023,italian grand prix,14,27,Nico Hülkenberg,17,1218
277,2023,italian grand prix,14,20,Kevin Magnussen,18,1218
278,2023,italian grand prix,14,31,Esteban Ocon,19,1218
279,2023,italian grand prix,14,22,Yuki Tsunoda,20,1218
280,2023,singapore grand prix,15,55,Carlos Sainz,1,1219
281,2023,singapore grand prix,15,4,Lando Norris,2,1219
282,2023,singapore grand prix,15,44,Lewis Hamilton,3,1219
283,2023,singapore grand prix,15,16,Charles Leclerc,4,1219
284,2023,singapore grand prix,15,33,Max Verstappen,5,1219
285,2023,singapore grand prix,15,10,Pierre Gasly,6,1219
286,2023,singapore grand prix,15,81,Oscar Piastri,7,1219
287,2023,singapore grand prix,15,11,Sergio Pérez,8,1219
288,2023,singapore grand prix,15,30,Liam Lawson,9,1219
289,2023,singapore grand prix,15,20,Kevin Magnussen,10,1219
290,2023,singapore grand prix,15,23,Alexander Albon,11,1219
291,2023,singapore grand prix,15,24,Guanyu Zhou,12,1219
292,2023,singapore grand prix,15,27,Nico Hülkenberg,13,1219
293,2023,singapore grand prix,15,2,Logan Sargeant,14,1219
294,2023,singapore grand prix,15,14,Fernando Alonso,15,1219
295,2023,singapore grand prix,15,63,George Russell,16,1219
296,2023,singapore grand prix,15,77,Valtteri Bottas,17,1219
297,2023,singapore grand prix,15,31,Esteban Ocon,18,1219
298,2023,singapore grand prix,15,22,Yuki Tsunoda,19,1219
299,2023,singapore grand prix,15,18,Lance Stroll,20,1219
300,2023,japanese grand prix,16,33,Max Verstappen,1,1220
301,2023,japanese grand prix,16,4,Lando Norris,2,1220
302,2023,japanese grand prix,16,81,Oscar Piastri,3,1220
303,2023,japanese grand prix,16,16,Charles Leclerc,4,1220
304,2023,japanese grand prix,16,44,Lewis Hamilton,5,1220
305,2023,japanese grand prix,16,55,Carlos Sainz,6,1220
306,2023,japanese grand prix,16,63,George Russell,7,1220
307,2023,japanese grand prix,16,14,Fernando Alonso,8,1220
308,2023,japanese grand prix,16,31,Esteban Ocon,9,1220
309,2023,japanese grand prix,16,10,Pierre Gasly,10,1220
310,2023,japanese grand prix,16,30,Liam Lawson,11,1220
311,2023,japanese grand prix,16,22,Yuki Tsunoda,12,1220
312,2023,japanese grand prix,16,24,Guanyu Zhou,13,1220
313,2023,japanese grand prix,16,27,Nico Hülkenberg,14,1220
314,2023,japanese grand prix,16,20,Kevin Magnussen,15,1220
315,2023,japanese grand prix,16,23,Alexander Albon,16,1220
316,2023,japanese grand prix,16,2,Logan Sargeant,17,1220
317,2023,japanese grand prix,16,18,Lance Stroll,18,1220
318,2023,japanese grand prix,16,11,Sergio Pérez,19,1220
319,2023,japanese grand prix,16,77,Valtteri Bottas,20,1220
320,2023,qatar grand prix,17,33,Max Verstappen,1,1221
321,2023,qatar grand prix,17,81,Oscar Piastri,2,1221
322,2023,qatar grand prix,17,4,Lando Norris,3,1221
323,2023,qatar grand prix,17,63,George Russell,4,1221
324,2023,qatar grand prix,17,16,Charles Leclerc,5,1221
325,2023,qatar grand prix,17,14,Fernando Alonso,6,1221
326,2023,qatar grand prix,17,31,Esteban Ocon,7,1221
327,2023,qatar grand prix,17,77,Valtteri Bottas,8,1221
328,2023,qatar grand prix,17,24,Guanyu Zhou,9,1221
329,2023,qatar grand prix,17,11,Sergio Pérez,10,1221
330,2023,qatar grand prix,17,18,Lance Stroll,11,1221
331,2023,qatar grand prix,17,10,Pierre Gasly,12,1221
332,2023,qatar grand prix,17,23,Alexander Albon,13,1221
333,2023,qatar grand prix,17,20,Kevin Magnussen,14,1221
334,2023,qatar grand prix,17,22,Yuki Tsunoda,15,1221
335,2023,qatar grand prix,17,27,Nico Hülkenberg,16,1221
336,2023,qatar grand prix,17,30,Liam Lawson,17,1221
337,2023,qatar grand prix,17,2,Logan Sargeant,18,1221
338,2023,qatar grand prix,17,44,Lewis Hamilton,19,1221
339,2023,qatar grand prix,17,55,Carlos Sainz,20,1221
340,2023,united states grand prix,18,33,Max Verstappen,1,1222
341,2023,united states grand prix,18,4,Lando Norris,2,1222
342,2023,united states grand prix,18,55,Carlos Sainz,3,1222
343,2023,united states grand prix,18,11,Sergio Pérez,4,1222
344,2023,united states grand prix,18,63,George Russell,5,1222
345,2023,united states grand prix,18,10,Pierre Gasly,6,1222
346,2023,united states grand prix,18,18,Lance Stroll,7,1222
347,2023,united states grand prix,18,22,Yuki Tsunoda,8,1222
348,2023,united states grand prix,18,23,Alexander Albon,9,1222
349,2023,united states grand prix,18,2,Logan Sargeant,10,1222
350,2023,united states grand prix,18,27,Nico Hülkenberg,11,1222
351,2023,united states grand prix,18,77,Valtteri Bottas,12,1222
352,2023,united states grand prix,18,24,Guanyu Zhou,13,1222
353,2023,united states grand prix,18,20,Kevin Magnussen,14,1222
354,2023,united states grand prix,18,3,Daniel Ricciardo,15,1222
355,2023,united states grand prix,18,14,Fernando Alonso,16,1222
356,2023,united states grand prix,18,81,Oscar Piastri,17,1222
357,2023,united states grand prix,18,31,Esteban Ocon,18,1222
358,2023,united states grand prix,18,44,Lewis Hamilton,19,1222
359,2023,united states grand prix,18,16,Charles Leclerc,20,1222
360,2023,mexico city grand prix,19,33,Max Verstappen,1,1223
361,2023,mexico city grand prix,19,44,Lewis Hamilton,2,1223
362,2023,mexico city grand prix,19,16,Charles Leclerc,3,1223
363,2023,mexico city grand prix,19,55,Carlos Sainz,4,1223
364,2023,mexico city grand prix,19,4,Lando Norris,5,1223
365,2023,mexico city grand prix,19,63,George Russell,6,1223
366,2023,mexico city grand prix,19,3,Daniel Ricciardo,7,1223
367,2023,mexico city grand prix,19,81,Oscar Piastri,8,1223
368,2023,mexico city grand prix,19,23,Alexander Albon,9,1223
369,2023,mexico city grand prix,19,31,Esteban Ocon,10,1223
370,2023,mexico city grand prix,19,10,Pierre Gasly,11,1223
371,2023,mexico city grand prix,19,22,Yuki Tsunoda,12,1223
372,2023,mexico city grand prix,19,27,Nico Hülkenberg,13,1223
373,2023,mexico city grand prix,19,24,Guanyu Zhou,14,1223
374,2023,mexico city grand prix,19,77,Valtteri Bottas,15,1223
375,2023,mexico city grand prix,19,2,Logan Sargeant,16,1223
376,2023,mexico city grand prix,19,18,Lance Stroll,17,1223
377,2023,mexico city grand prix,19,14,Fernando Alonso,18,1223
378,2023,mexico city grand prix,19,20,Kevin Magnussen,19,1223
379,2023,mexico city grand prix,19,11,Sergio Pérez,20,1223
380,2023,são paulo grand prix,20,33,Max Verstappen,1,1224
381,2023,são paulo grand prix,20,4,Lando Norris,2,1224
382,2023,são paulo grand prix,20,14,Fernando Alonso,3,1224
383,2023,são paulo grand prix,20,11,Sergio Pérez,4,1224
384,2023,são paulo grand prix,20,18,Lance Stroll,5,1224
385,2023,são paulo grand prix,20,55,Carlos Sainz,6,1224
386,2023,são paulo grand prix,20,10,Pierre Gasly,7,1224
387,2023,são paulo grand prix,20,44,Lewis Hamilton,8,1224
388,2023,são paulo grand prix,20,22,Yuki Tsunoda,9,1224
389,2023,são paulo grand prix,20,31,Esteban Ocon,10,1224
390,2023,são paulo grand prix,20,2,Logan Sargeant,11,1224
391,2023,são paulo grand prix,20,27,Nico Hülkenberg,12,1224
392,2023,são paulo grand prix,20,3,Daniel Ricciardo,13,1224
393,2023,são paulo grand prix,20,81,Oscar Piastri,14,1224
394,2023,são paulo grand prix,20,63,George Russell,15,1224
395,2023,são paulo grand prix,20,77,Valtteri Bottas,16,1224
396,2023,são paulo grand prix,20,24,Guanyu Zhou,17,1224
397,2023,são paulo grand prix,20,20,Kevin Magnussen,18,1224
398,2023,são paulo grand prix,20,23,Alexander Albon,19,1224
399,2023,são paulo grand prix,20,16,Charles Leclerc,20,1224
400,2023,las vegas grand prix,21,33,Max Verstappen,1,1225
401,2023,las vegas grand prix,21,16,Charles Leclerc,2,1225
402,2023,las vegas grand prix,21,11,Sergio Pérez,3,1225
403,2023,las vegas grand prix,21,31,Esteban Ocon,4,1225
404,2023,las vegas grand prix,21,18,Lance Stroll,5,1225
405,2023,las vegas grand prix,21,55,Carlos Sainz,6,1225
406,2023,las vegas grand prix,21,44,Lewis Hamilton,7,1225
407,2023,las vegas grand prix,21,63,George Russell,8,1225
408,2023,las vegas grand prix,21,14,Fernando Alonso,9,1225
409,2023,las vegas grand prix,21,81,Oscar Piastri,10,1225
410,2023,las vegas grand prix,21,10,Pierre Gasly,11,1225
411,2023,las vegas grand prix,21,23,Alexander Albon,12,1225
412,2023,las vegas grand prix,21,20,Kevin Magnussen,13,1225
413,2023,las vegas grand prix,21,3,Daniel Ricciardo,14,1225
414,2023,las vegas grand prix,21,24,Guanyu Zhou,15,1225
415,2023,las vegas grand prix,21,2,Logan Sargeant,16,1225
416,2023,las vegas grand prix,21,77,Valtteri Bottas,17,1225
417,2023,las vegas grand prix,21,22,Yuki Tsunoda,18,1225
418,2023,las vegas grand prix,21,27,Nico Hülkenberg,19,1225
419,2023,las vegas grand prix,21,4,Lando Norris,20,1225
420,2023,abu dhabi grand prix,22,33,Max Verstappen,1,1226
421,2023,abu dhabi grand prix,22,16,Charles Leclerc,2,1226
422,2023,abu dhabi grand prix,22,63,George Russell,3,1226
423,2023,abu dhabi grand prix,22,11,Sergio Pérez,4,1226
424,2023,abu dhabi grand prix,22,4,Lando Norris,5,1226
425,2023,abu dhabi grand prix,22,81,Oscar Piastri,6,1226
426,2023,abu dhabi grand prix,22,14,Fernando Alonso,7,1226
427,2023,abu dhabi grand prix,22,22,Yuki Tsunoda,8,1226
428,2023,abu dhabi grand prix,22,44,Lewis Hamilton,9,1226
429,2023,abu dhabi grand prix,22,18,Lance Stroll,10,1226
430,2023,abu dhabi grand prix,22,3,Daniel Ricciardo,11,1226
431,2023,abu dhabi grand prix,22,31,Esteban Ocon,12,1226
432,2023,abu dhabi grand prix,22,10,Pierre Gasly,13,1226
433,2023,abu dhabi grand prix,22,23,Alexander Albon,14,1226
434,2023,abu dhabi grand prix,22,27,Nico Hülkenberg,15,1226
435,2023,abu dhabi grand prix,22,2,Logan Sargeant,16,1226
436,2023,abu dhabi grand prix,22,24,Guanyu Zhou,17,1226
437,2023,abu dhabi grand prix,22,55,Carlos Sainz,18,1226
438,2023,abu dhabi grand prix,22,77,Valtteri Bottas,19,1226
439,2023,abu dhabi grand prix,22,20,Kevin Magnussen,20,1226
440,2024,bahrain grand prix,1,33,Max Verstappen,1,1229
441,2024,bahrain grand prix,1,11,Sergio Pérez,2,1229
442,2024,bahrain grand prix,1,55,Carlos Sainz,3,1229
443,2024,bahrain grand prix,1,16,Charles Leclerc,4,1229
444,2024,bahrain grand prix,1,63,George Russell,5,1229
445,2024,bahrain grand prix,1,4,Lando Norris,6,1229
446,2024,bahrain grand prix,1,44,Lewis Hamilton,7,1229
447,2024,bahrain grand prix,1,81,Oscar Piastri,8,1229
448,2024,bahrain grand prix,1,14,Fernando Alonso,9,1229
449,2024,bahrain grand prix,1,18,Lance Stroll,10,1229
450,2024,bahrain grand prix,1,24,Guanyu Zhou,11,1229
451,2024,bahrain grand prix,1,20,Kevin Magnussen,12,1229
452,2024,bahrain grand prix,1,3,Daniel Ricciardo,13,1229
453,2024,bahrain grand prix,1,22,Yuki Tsunoda,14,1229
454,2024,bahrain grand prix,1,23,Alexander Albon,15,1229
455,2024,bahrain grand prix,1,27,Nico Hülkenberg,16,1229
456,2024,bahrain grand prix,1,31,Esteban Ocon,17,1229
457,2024,bahrain grand prix,1,10,Pierre Gasly,18,1229
458,2024,bahrain grand prix,1,77,Valtteri Bottas,19,1229
459,2024,bahrain grand prix,1,2,Logan Sargeant,20,1229
460,2024,saudi arabian grand prix,2,33,Max Verstappen,1,1230
461,2024,saudi arabian grand prix,2,11,Sergio Pérez,2,1230
462,2024,saudi arabian grand prix,2,16,Charles Leclerc,3,1230
463,2024,saudi arabian grand prix,2,81,Oscar Piastri,4,1230
464,2024,saudi arabian grand prix,2,14,Fernando Alonso,5,1230
465,2024,saudi arabian grand prix,2,63,George Russell,6,1230
466,2024,saudi arabian grand prix,2,38,Oliver Bearman,7,1230
467,2024,saudi arabian grand prix,2,4,Lando Norris,8,1230
468,2024,saudi arabian grand prix,2,44,Lewis Hamilton,9,1230
469,2024,saudi arabian grand prix,2,27,Nico Hülkenberg,10,1230
470,2024,saudi arabian grand prix,2,23,Alexander Albon,11,1230
471,2024,saudi arabian grand prix,2,20,Kevin Magnussen,12,1230
472,2024,saudi arabian grand prix,2,31,Esteban Ocon,13,1230
473,2024,saudi arabian grand prix,2,2,Logan Sargeant,14,1230
474,2024,saudi arabian grand prix,2,22,Yuki Tsunoda,15,1230
475,2024,saudi arabian grand prix,2,3,Daniel Ricciardo,16,1230
476,2024,saudi arabian grand prix,2,77,Valtteri Bottas,17,1230
477,2024,saudi arabian grand prix,2,24,Guanyu Zhou,18,1230
478,2024,saudi arabian grand prix,2,18,Lance Stroll,19,1230
479,2024,saudi arabian grand prix,2,10,Pierre Gasly,20,1230
480,2024,australian grand prix,3,55,Carlos Sainz,1,1231
481,2024,australian grand prix,3,16,Charles Leclerc,2,1231
482,2024,australian grand prix,3,4,Lando Norris,3,1231
483,2024,australian grand prix,3,81,Oscar Piastri,4,1231
484,2024,australian grand prix,3,11,Sergio Pérez,5,1231
485,2024,australian grand prix,3,18,Lance Stroll,6,1231
486,2024,australian grand prix,3,22,Yuki Tsunoda,7,1231
487,2024,australian grand prix,3,14,Fernando Alonso,8,1231
488,2024,australian grand prix,3,27,Nico Hülkenberg,9,1231
489,2024,australian grand prix,3,20,Kevin Magnussen,10,1231
490,2024,australian grand prix,3,23,Alexander Albon,11,1231
491,2024,australian grand prix,3,3,Daniel Ricciardo,12,1231
492,2024,australian grand prix,3,10,Pierre Gasly,13,1231
493,2024,australian grand prix,3,77,Valtteri Bottas,14,1231
494,2024,australian grand prix,3,24,Guanyu Zhou,15,1231
495,2024,australian grand prix,3,31,Esteban Ocon,16,1231
496,2024,australian grand prix,3,63,George Russell,17,1231
497,2024,australian grand prix,3,44,Lewis Hamilton,18,1231
498,2024,australian grand prix,3,33,Max Verstappen,19,1231
499,2024,japanese grand prix,4,33,Max Verstappen,1,1232
500,2024,japanese grand prix,4,11,Sergio Pérez,2,1232
501,2024,japanese grand prix,4,55,Carlos Sainz,3,1232
502,2024,japanese grand prix,4,16,Charles Leclerc,4,1232
503,2024,japanese grand prix,4,4,Lando Norris,5,1232
504,2024,japanese grand prix,4,14,Fernando Alonso,6,1232
505,2024,japanese grand prix,4,63,George Russell,7,1232
506,2024,japanese grand prix,4,81,Oscar Piastri,8,1232
507,2024,japanese grand prix,4,44,Lewis Hamilton,9,1232
508,2024,japanese grand prix,4,22,Yuki Tsunoda,10,1232
509,2024,japanese grand prix,4,27,Nico Hülkenberg,11,1232
510,2024,japanese grand prix,4,18,Lance Stroll,12,1232
511,2024,japanese grand prix,4,20,Kevin Magnussen,13,1232
512,2024,japanese grand prix,4,77,Valtteri Bottas,14,1232
513,2024,japanese grand prix,4,31,Esteban Ocon,15,1232
514,2024,japanese grand prix,4,10,Pierre Gasly,16,1232
515,2024,japanese grand prix,4,2,Logan Sargeant,17,1232
516,2024,japanese grand prix,4,24,Guanyu Zhou,18,1232
517,2024,japanese grand prix,4,3,Daniel Ricciardo,19,1232
518,2024,japanese grand prix,4,23,Alexander Albon,20,1232
519,2024,chinese grand prix,5,33,Max Verstappen,1,1233
520,2024,chinese grand prix,5,4,Lando Norris,2,1233
521,2024,chinese grand prix,5,11,Sergio Pérez,3,1233
522,2024,chinese grand prix,5,16,Charles Leclerc,4,1233
523,2024,chinese grand prix,5,55,Carlos Sainz,5,1233
524,2024,chinese grand prix,5,63,George Russell,6,1233
525,2024,chinese grand prix,5,14,Fernando Alonso,7,1233
526,2024,chinese grand prix,5,81,Oscar Piastri,8,1233
527,2024,chinese grand prix,5,44,Lewis Hamilton,9,1233
528,2024,chinese grand prix,5,27,Nico Hülkenberg,10,1233
529,2024,chinese grand prix,5,31,Esteban Ocon,11,1233
530,2024,chinese grand prix,5,23,Alexander Albon,12,1233
531,2024,chinese grand prix,5,10,Pierre Gasly,13,1233
532,2024,chinese grand prix,5,24,Guanyu Zhou,14,1233
533,2024,chinese grand prix,5,18,Lance Stroll,15,1233
534,2024,chinese grand prix,5,20,Kevin Magnussen,16,1233
535,2024,chinese grand prix,5,2,Logan Sargeant,17,1233
536,2024,chinese grand prix,5,3,Daniel Ricciardo,18,1233
537,2024,chinese grand prix,5,22,Yuki Tsunoda,19,1233
538,2024,chinese grand prix,5,77,Valtteri Bottas,20,1233
539,2024,miami grand prix,6,4,Lando Norris,1,1234
540,2024,miami grand prix,6,33,Max Verstappen,2,1234
541,2024,miami grand prix,6,16,Charles Leclerc,3,1234
542,2024,miami grand prix,6,11,Sergio Pérez,4,1234
543,2024,miami grand prix,6,55,Carlos Sainz,5,1234
544,2024,miami grand prix,6,44,Lewis Hamilton,6,1234
545,2024,miami grand prix,6,22,Yuki Tsunoda,7,1234
546,2024,miami grand prix,6,63,George Russell,8,1234
547,2024,miami grand prix,6,14,Fernando Alonso,9,1234
548,2024,miami grand prix,6,31,Esteban Ocon,10,1234
549,2024,miami grand prix,6,27,Nico Hülkenberg,11,1234
550,2024,miami grand prix,6,10,Pierre Gasly,12,1234
551,2024,miami grand prix,6,81,Oscar Piastri,13,1234
552,2024,miami grand prix,6,24,Guanyu Zhou,14,1234
553,2024,miami grand prix,6,3,Daniel Ricciardo,15,1234
554,2024,miami grand prix,6,77,Valtteri Bottas,16,1234
555,2024,miami grand prix,6,18,Lance Stroll,17,1234
556,2024,miami grand prix,6,23,Alexander Albon,18,1234
557,2024,miami grand prix,6,20,Kevin Magnussen,19,1234
558,2024,miami grand prix,6,2,Logan Sargeant,20,1234
559,2024,emilia romagna grand prix,7,33,Max Verstappen,1,1235
560,2024,emilia romagna grand prix,7,4,Lando Norris,2,1235
561,2024,emilia romagna grand prix,7,16,Charles Leclerc,3,1235
562,2024,emilia romagna grand prix,7,81,Oscar Piastri,4,1235
563,2024,emilia romagna grand prix,7,55,Carlos Sainz,5,1235
564,2024,emilia romagna grand prix,7,44,Lewis Hamilton,6,1235
565,2024,emilia romagna grand prix,7,63,George Russell,7,1235
566,2024,emilia romagna grand prix,7,11,Sergio Pérez,8,1235
567,2024,emilia romagna grand prix,7,18,Lance Stroll,9,1235
568,2024,emilia romagna grand prix,7,22,Yuki Tsunoda,10,1235
569,2024,emilia romagna grand prix,7,27,Nico Hülkenberg,11,1235
570,2024,emilia romagna grand prix,7,20,Kevin Magnussen,12,1235
571,2024,emilia romagna grand prix,7,3,Daniel Ricciardo,13,1235
572,2024,emilia romagna grand prix,7,31,Esteban Ocon,14,1235
573,2024,emilia romagna grand prix,7,24,Guanyu Zhou,15,1235
574,2024,emilia romagna grand prix,7,10,Pierre Gasly,16,1235
575,2024,emilia romagna grand prix,7,2,Logan Sargeant,17,1235
576,2024,emilia romagna grand prix,7,77,Valtteri Bottas,18,1235
577,2024,emilia romagna grand prix,7,14,Fernando Alonso,19,1235
578,2024,emilia romagna grand prix,7,23,Alexander Albon,20,1235
579,2024,monaco grand prix,8,16,Charles Leclerc,1,1236
580,2024,monaco grand prix,8,81,Oscar Piastri,2,1236
581,2024,monaco grand prix,8,55,Carlos Sainz,3,1236
582,2024,monaco grand prix,8,4,Lando Norris,4,1236
583,2024,monaco grand prix,8,63,George Russell,5,1236
584,2024,monaco grand prix,8,33,Max Verstappen,6,1236
585,2024,monaco grand prix,8,44,Lewis Hamilton,7,1236
586,2024,monaco grand prix,8,22,Yuki Tsunoda,8,1236
587,2024,monaco grand prix,8,23,Alexander Albon,9,1236
588,2024,monaco grand prix,8,10,Pierre Gasly,10,1236
589,2024,monaco grand prix,8,14,Fernando Alonso,11,1236
590,2024,monaco grand prix,8,3,Daniel Ricciardo,12,1236
591,2024,monaco grand prix,8,77,Valtteri Bottas,13,1236
592,2024,monaco grand prix,8,18,Lance Stroll,14,1236
593,2024,monaco grand prix,8,2,Logan Sargeant,15,1236
594,2024,monaco grand prix,8,24,Guanyu Zhou,16,1236
595,2024,monaco grand prix,8,31,Esteban Ocon,17,1236
596,2024,monaco grand prix,8,11,Sergio Pérez,18,1236
597,2024,monaco grand prix,8,27,Nico Hülkenberg,19,1236
598,2024,monaco grand prix,8,20,Kevin Magnussen,20,1236
599,2024,canadian grand prix,9,33,Max Verstappen,1,1237
600,2024,canadian grand prix,9,4,Lando Norris,2,1237
601,2024,canadian grand prix,9,63,George Russell,3,1237
602,2024,canadian grand prix,9,44,Lewis Hamilton,4,1237
603,2024,canadian grand prix,9,81,Oscar Piastri,5,1237
604,2024,canadian grand prix,9,14,Fernando Alonso,6,1237
605,2024,canadian grand prix,9,18,Lance Stroll,7,1237
606,2024,canadian grand prix,9,3,Daniel Ricciardo,8,1237
607,2024,canadian grand prix,9,10,Pierre Gasly,9,1237
608,2024,canadian grand prix,9,31,Esteban Ocon,10,1237
609,2024,canadian grand prix,9,27,Nico Hülkenberg,11,1237
610,2024,canadian grand prix,9,20,Kevin Magnussen,12,1237
611,2024,canadian grand prix,9,77,Valtteri Bottas,13,1237
612,2024,canadian grand prix,9,22,Yuki Tsunoda,14,1237
613,2024,canadian grand prix,9,24,Guanyu Zhou,15,1237
614,2024,canadian grand prix,9,55,Carlos Sainz,16,1237
615,2024,canadian grand prix,9,23,Alexander Albon,17,1237
616,2024,canadian grand prix,9,11,Sergio Pérez,18,1237
617,2024,canadian grand prix,9,16,Charles Leclerc,19,1237
618,2024,canadian grand prix,9,2,Logan Sargeant,20,1237
619,2024,spanish grand prix,10,33,Max Verstappen,1,1238
620,2024,spanish grand prix,10,4,Lando Norris,2,1238
621,2024,spanish grand prix,10,44,Lewis Hamilton,3,1238
622,2024,spanish grand prix,10,63,George Russell,4,1238
623,2024,spanish grand prix,10,16,Charles Leclerc,5,1238
624,2024,spanish grand prix,10,55,Carlos Sainz,6,1238
625,2024,spanish grand prix,10,81,Oscar Piastri,7,1238
626,2024,spanish grand prix,10,11,Sergio Pérez,8,1238
627,2024,spanish grand prix,10,10,Pierre Gasly,9,1238
628,2024,spanish grand prix,10,31,Esteban Ocon,10,1238
629,2024,spanish grand prix,10,27,Nico Hülkenberg,11,1238
630,2024,spanish grand prix,10,14,Fernando Alonso,12,1238
631,2024,spanish grand prix,10,24,Guanyu Zhou,13,1238
632,2024,spanish grand prix,10,18,Lance Stroll,14,1238
633,2024,spanish grand prix,10,3,Daniel Ricciardo,15,1238
634,2024,spanish grand prix,10,77,Valtteri Bottas,16,1238
635,2024,spanish grand prix,10,20,Kevin Magnussen,17,1238
636,2024,spanish grand prix,10,23,Alexander Albon,18,1238
637,2024,spanish grand prix,10,22,Yuki Tsunoda,19,1238
638,2024,spanish grand prix,10,2,Logan Sargeant,20,1238
639,2024,austrian grand prix,11,63,George Russell,1,1239
640,2024,austrian grand prix,11,81,Oscar Piastri,2,1239
641,2024,austrian grand prix,11,55,Carlos Sainz,3,1239
642,2024,austrian grand prix,11,44,Lewis Hamilton,4,1239
643,2024,austrian grand prix,11,33,Max Verstappen,5,1239
644,2024,austrian grand prix,11,27,Nico Hülkenberg,6,1239
645,2024,austrian grand prix,11,11,Sergio Pérez,7,1239
646,2024,austrian grand prix,11,20,Kevin Magnussen,8,1239
647,2024,austrian grand prix,11,3,Daniel Ricciardo,9,1239
648,2024,austrian grand prix,11,10,Pierre Gasly,10,1239
649,2024,austrian grand prix,11,16,Charles Leclerc,11,1239
650,2024,austrian grand prix,11,31,Esteban Ocon,12,1239
651,2024,austrian grand prix,11,18,Lance Stroll,13,1239
652,2024,austrian grand prix,11,22,Yuki Tsunoda,14,1239
653,2024,austrian grand prix,11,23,Alexander Albon,15,1239
654,2024,austrian grand prix,11,77,Valtteri Bottas,16,1239
655,2024,austrian grand prix,11,24,Guanyu Zhou,17,1239
656,2024,austrian grand prix,11,14,Fernando Alonso,18,1239
657,2024,austrian grand prix,11,2,Logan Sargeant,19,1239
658,2024,austrian grand prix,11,4,Lando Norris,20,1239
659,2024,british grand prix,12,44,Lewis Hamilton,1,1240
660,2024,british grand prix,12,33,Max Verstappen,2,1240
661,2024,british grand prix,12,4,Lando Norris,3,1240
662,2024,british grand prix,12,81,Oscar Piastri,4,1240
663,2024,british grand prix,12,55,Carlos Sainz,5,1240
664,2024,british grand prix,12,27,Nico Hülkenberg,6,1240
665,2024,british grand prix,12,18,Lance Stroll,7,1240
666,2024,british grand prix,12,14,Fernando Alonso,8,1240
667,2024,british grand prix,12,23,Alexander Albon,9,1240
668,2024,british grand prix,12,22,Yuki Tsunoda,10,1240
669,2024,british grand prix,12,2,Logan Sargeant,11,1240
670,2024,british grand prix,12,20,Kevin Magnussen,12,1240
671,2024,british grand prix,12,3,Daniel Ricciardo,13,1240
672,2024,british grand prix,12,16,Charles Leclerc,14,1240
673,2024,british grand prix,12,77,Valtteri Bottas,15,1240
674,2024,british grand prix,12,31,Esteban Ocon,16,1240
675,2024,british grand prix,12,11,Sergio Pérez,17,1240
676,2024,british grand prix,12,24,Guanyu Zhou,18,1240
677,2024,british grand prix,12,63,George Russell,19,1240
678,2024,british grand prix,12,10,Pierre Gasly,20,1240
679,2024,hungarian grand prix,13,81,Oscar Piastri,1,1241
680,2024,hungarian grand prix,13,4,Lando Norris,2,1241
681,2024,hungarian grand prix,13,44,Lewis Hamilton,3,1241
682,2024,hungarian grand prix,13,16,Charles Leclerc,4,1241
683,2024,hungarian grand prix,13,33,Max Verstappen,5,1241
684,2024,hungarian grand prix,13,55,Carlos Sainz,6,1241
685,2024,hungarian grand prix,13,11,Sergio Pérez,7,1241
686,2024,hungarian grand prix,13,63,George Russell,8,1241
687,2024,hungarian grand prix,13,22,Yuki Tsunoda,9,1241
688,2024,hungarian grand prix,13,18,Lance Stroll,10,1241
689,2024,hungarian grand prix,13,14,Fernando Alonso,11,1241
690,2024,hungarian grand prix,13,3,Daniel Ricciardo,12,1241
691,2024,hungarian grand prix,13,27,Nico Hülkenberg,13,1241
692,2024,hungarian grand prix,13,23,Alexander Albon,14,1241
693,2024,hungarian grand prix,13,20,Kevin Magnussen,15,1241
694,2024,hungarian grand prix,13,77,Valtteri Bottas,16,1241
695,2024,hungarian grand prix,13,2,Logan Sargeant,17,1241
696,2024,hungarian grand prix,13,31,Esteban Ocon,18,1241
697,2024,hungarian grand prix,13,24,Guanyu Zhou,19,1241
698,2024,hungarian grand prix,13,10,Pierre Gasly,20,1241
699,2024,belgian grand prix,14,44,Lewis Hamilton,1,1242
700,2024,belgian grand prix,14,81,Oscar Piastri,2,1242
701,2024,belgian grand prix,14,16,Charles Leclerc,3,1242
702,2024,belgian grand prix,14,33,Max Verstappen,4,1242
703,2024,belgian grand prix,14,4,Lando Norris,5,1242
704,2024,belgian grand prix,14,55,Carlos Sainz,6,1242
705,2024,belgian grand prix,14,11,Sergio Pérez,7,1242
706,2024,belgian grand prix,14,14,Fernando Alonso,8,1242
707,2024,belgian grand prix,14,31,Esteban Ocon,9,1242
708,2024,belgian grand prix,14,3,Daniel Ricciardo,10,1242
709,2024,belgian grand prix,14,18,Lance Stroll,11,1242
710,2024,belgian grand prix,14,23,Alexander Albon,12,1242
711,2024,belgian grand prix,14,10,Pierre Gasly,13,1242
712,2024,belgian grand prix,14,20,Kevin Magnussen,14,1242
713,2024,belgian grand prix,14,77,Valtteri Bottas,15,1242
714,2024,belgian grand prix,14,22,Yuki Tsunoda,16,1242
715,2024,belgian grand prix,14,2,Logan Sargeant,17,1242
716,2024,belgian grand prix,14,27,Nico Hülkenberg,18,1242
717,2024,belgian grand prix,14,24,Guanyu Zhou,19,1242
718,2024,belgian grand prix,14,63,George Russell,20,1242
719,2024,dutch grand prix,15,4,Lando Norris,1,1243
720,2024,dutch grand prix,15,33,Max Verstappen,2,1243
721,2024,dutch grand prix,15,16,Charles Leclerc,3,1243
722,2024,dutch grand prix,15,81,Oscar Piastri,4,1243
723,2024,dutch grand prix,15,55,Carlos Sainz,5,1243
724,2024,dutch grand prix,15,11,Sergio Pérez,6,1243
725,2024,dutch grand prix,15,63,George Russell,7,1243
726,2024,dutch grand prix,15,44,Lewis Hamilton,8,1243
727,2024,dutch grand prix,15,10,Pierre Gasly,9,1243
728,2024,dutch grand prix,15,14,Fernando Alonso,10,1243
729,2024,dutch grand prix,15,27,Nico Hülkenberg,11,1243
730,2024,dutch grand prix,15,3,Daniel Ricciardo,12,1243
731,2024,dutch grand prix,15,18,Lance Stroll,13,1243
732,2024,dutch grand prix,15,23,Alexander Albon,14,1243
733,2024,dutch grand prix,15,31,Esteban Ocon,15,1243
734,2024,dutch grand prix,15,2,Logan Sargeant,16,1243
735,2024,dutch grand prix,15,22,Yuki Tsunoda,17,1243
736,2024,dutch grand prix,15,20,Kevin Magnussen,18,1243
737,2024,dutch grand prix,15,77,Valtteri Bottas,19,1243
738,2024,dutch grand prix,15,24,Guanyu Zhou,20,1243
739,2024,italian grand prix,16,16,Charles Leclerc,1,1244
740,2024,italian grand prix,16,81,Oscar Piastri,2,1244
741,2024,italian grand prix,16,4,Lando Norris,3,1244
742,2024,italian grand prix,16,55,Carlos Sainz,4,1244
743,2024,italian grand prix,16,44,Lewis Hamilton,5,1244
744,2024,italian grand prix,16,33,Max Verstappen,6,1244
745,2024,italian grand prix,16,63,George Russell,7,1244
746,2024,italian grand prix,16,11,Sergio Pérez,8,1244
747,2024,italian grand prix,16,23,Alexander Albon,9,1244
748,2024,italian grand prix,16,20,Kevin Magnussen,10,1244
749,2024,italian grand prix,16,14,Fernando Alonso,11,1244
750,2024,italian grand prix,16,43,Franco Colapinto,12,1244
751,2024,italian grand prix,16,3,Daniel Ricciardo,13,1244
752,2024,italian grand prix,16,31,Esteban Ocon,14,1244
753,2024,italian grand prix,16,10,Pierre Gasly,15,1244
754,2024,italian grand prix,16,77,Valtteri Bottas,16,1244
755,2024,italian grand prix,16,27,Nico Hülkenberg,17,1244
756,2024,italian grand prix,16,24,Guanyu Zhou,18,1244
757,2024,italian grand prix,16,18,Lance Stroll,19,1244
758,2024,italian grand prix,16,22,Yuki Tsunoda,20,1244
759,2024,azerbaijan grand prix,17,81,Oscar Piastri,1,1245
760,2024,azerbaijan grand prix,17,16,Charles Leclerc,2,1245
761,2024,azerbaijan grand prix,17,63,George Russell,3,1245
762,2024,azerbaijan grand prix,17,4,Lando Norris,4,1245
763,2024,azerbaijan grand prix,17,33,Max Verstappen,5,1245
764,2024,azerbaijan grand prix,17,14,Fernando Alonso,6,1245
765,2024,azerbaijan grand prix,17,23,Alexander Albon,7,1245
766,2024,azerbaijan grand prix,17,43,Franco Colapinto,8,1245
767,2024,azerbaijan grand prix,17,44,Lewis Hamilton,9,1245
768,2024,azerbaijan grand prix,17,38,Oliver Bearman,10,1245
769,2024,azerbaijan grand prix,17,27,Nico Hülkenberg,11,1245
770,2024,azerbaijan grand prix,17,10,Pierre Gasly,12,1245
771,2024,azerbaijan grand prix,17,3,Daniel Ricciardo,13,1245
772,2024,azerbaijan grand prix,17,24,Guanyu Zhou,14,1245
773,2024,azerbaijan grand prix,17,31,Esteban Ocon,15,1245
774,2024,azerbaijan grand prix,17,77,Valtteri Bottas,16,1245
775,2024,azerbaijan grand prix,17,11,Sergio Pérez,17,1245
776,2024,azerbaijan grand prix,17,55,Carlos Sainz,18,1245
777,2024,azerbaijan grand prix,17,18,Lance Stroll,19,1245
778,2024,azerbaijan grand prix,17,22,Yuki Tsunoda,20,1245
779,2024,singapore grand prix,18,4,Lando Norris,1,1246
780,2024,singapore grand prix,18,33,Max Verstappen,2,1246
781,2024,singapore grand prix,18,81,Oscar Piastri,3,1246
782,2024,singapore grand prix,18,63,George Russell,4,1246
783,2024,singapore grand prix,18,16,Charles Leclerc,5,1246
784,2024,singapore grand prix,18,44,Lewis Hamilton,6,1246
785,2024,singapore grand prix,18,55,Carlos Sainz,7,1246
786,2024,singapore grand prix,18,14,Fernando Alonso,8,1246
787,2024,singapore grand prix,18,27,Nico Hülkenberg,9,1246
788,2024,singapore grand prix,18,11,Sergio Pérez,10,1246
789,2024,singapore grand prix,18,43,Franco Colapinto,11,1246
790,2024,singapore grand prix,18,22,Yuki Tsunoda,12,1246
791,2024,singapore grand prix,18,31,Esteban Ocon,13,1246
792,2024,singapore grand prix,18,18,Lance Stroll,14,1246
793,2024,singapore grand prix,18,24,Guanyu Zhou,15,1246
794,2024,singapore grand prix,18,77,Valtteri Bottas,16,1246
795,2024,singapore grand prix,18,10,Pierre Gasly,17,1246
796,2024,singapore grand prix,18,3,Daniel Ricciardo,18,1246
797,2024,singapore grand prix,18,20,Kevin Magnussen,19,1246
798,2024,singapore grand prix,18,23,Alexander Albon,20,1246
799,2024,united states grand prix,19,16,Charles Leclerc,1,1247
800,2024,united states grand prix,19,55,Carlos Sainz,2,1247
801,2024,united states grand prix,19,33,Max Verstappen,3,1247
802,2024,united states grand prix,19,4,Lando Norris,4,1247
803,2024,united states grand prix,19,81,Oscar Piastri,5,1247
804,2024,united states grand prix,19,63,George Russell,6,1247
805,2024,united states grand prix,19,11,Sergio Pérez,7,1247
806,2024,united states grand prix,19,27,Nico Hülkenberg,8,1247
807,2024,united states grand prix,19,30,Liam Lawson,9,1247
808,2024,united states grand prix,19,43,Franco Colapinto,10,1247
809,2024,united states grand prix,19,20,Kevin Magnussen,11,1247
810,2024,united states grand prix,19,10,Pierre Gasly,12,1247
811,2024,united states grand prix,19,14,Fernando Alonso,13,1247
812,2024,united states grand prix,19,22,Yuki Tsunoda,14,1247
813,2024,united states grand prix,19,18,Lance Stroll,15,1247
814,2024,united states grand prix,19,23,Alexander Albon,16,1247
815,2024,united states grand prix,19,77,Valtteri Bottas,17,1247
816,2024,united states grand prix,19,31,Esteban Ocon,18,1247
817,2024,united states grand prix,19,24,Guanyu Zhou,19,1247
818,2024,united states grand prix,19,44,Lewis Hamilton,20,1247
819,2024,mexico city grand prix,20,55,Carlos Sainz,1,1248
820,2024,mexico city grand prix,20,4,Lando Norris,2,1248
821,2024,mexico city grand prix,20,16,Charles Leclerc,3,1248
822,2024,mexico city grand prix,20,44,Lewis Hamilton,4,1248
823,2024,mexico city grand prix,20,63,George Russell,5,1248
824,2024,mexico city grand prix,20,33,Max Verstappen,6,1248
825,2024,mexico city grand prix,20,20,Kevin Magnussen,7,1248
826,2024,mexico city grand prix,20,81,Oscar Piastri,8,1248
827,2024,mexico city grand prix,20,27,Nico Hülkenberg,9,1248
828,2024,mexico city grand prix,20,10,Pierre Gasly,10,1248
829,2024,mexico city grand prix,20,18,Lance Stroll,11,1248
830,2024,mexico city grand prix,20,43,Franco Colapinto,12,1248
831,2024,mexico city grand prix,20,31,Esteban Ocon,13,1248
832,2024,mexico city grand prix,20,77,Valtteri Bottas,14,1248
833,2024,mexico city grand prix,20,24,Guanyu Zhou,15,1248
834,2024,mexico city grand prix,20,30,Liam Lawson,16,1248
835,2024,mexico city grand prix,20,11,Sergio Pérez,17,1248
836,2024,mexico city grand prix,20,14,Fernando Alonso,18,1248
837,2024,mexico city grand prix,20,23,Alexander Albon,19,1248
838,2024,mexico city grand prix,20,22,Yuki Tsunoda,20,1248
839,2024,são paulo grand prix,21,33,Max Verstappen,1,1249
840,2024,são paulo grand prix,21,31,Esteban Ocon,2,1249
841,2024,são paulo grand prix,21,10,Pierre Gasly,3,1249
842,2024,são paulo grand prix,21,63,George Russell,4,1249
843,2024,são paulo grand prix,21,16,Charles Leclerc,5,1249
844,2024,são paulo grand prix,21,4,Lando Norris,6,1249
845,2024,são paulo grand prix,21,22,Yuki Tsunoda,7,1249
846,2024,são paulo grand prix,21,81,Oscar Piastri,8,1249
847,2024,são paulo grand prix,21,30,Liam Lawson,9,1249
848,2024,são paulo grand prix,21,44,Lewis Hamilton,10,1249
849,2024,são paulo grand prix,21,11,Sergio Pérez,11,1249
850,2024,são paulo grand prix,21,38,Oliver Bearman,12,1249
851,2024,são paulo grand prix,21,77,Valtteri Bottas,13,1249
852,2024,são paulo grand prix,21,14,Fernando Alonso,14,1249
853,2024,são paulo grand prix,21,24,Guanyu Zhou,15,1249
854,2024,são paulo grand prix,21,55,Carlos Sainz,16,1249
855,2024,são paulo grand prix,21,43,Franco Colapinto,17,1249
856,2024,são paulo grand prix,21,23,Alexander Albon,18,1249
857,2024,são paulo grand prix,21,18,Lance Stroll,19,1249
858,2024,são paulo grand prix,21,27,Nico Hülkenberg,20,1249
859,2024,las vegas grand prix,22,63,George Russell,1,1250
860,2024,las vegas grand prix,22,44,Lewis Hamilton,2,1250
861,2024,las vegas grand prix,22,55,Carlos Sainz,3,1250
862,2024,las vegas grand prix,22,16,Charles Leclerc,4,1250
863,2024,las vegas grand prix,22,33,Max Verstappen,5,1250
864,2024,las vegas grand prix,22,4,Lando Norris,6,1250
865,2024,las vegas grand prix,22,81,Oscar Piastri,7,1250
866,2024,las vegas grand prix,22,27,Nico Hülkenberg,8,1250
867,2024,las vegas grand prix,22,22,Yuki Tsunoda,9,1250
868,2024,las vegas grand prix,22,11,Sergio Pérez,10,1250
869,2024,las vegas grand prix,22,14,Fernando Alonso,11,1250
870,2024,las vegas grand prix,22,20,Kevin Magnussen,12,1250
871,2024,las vegas grand prix,22,24,Guanyu Zhou,13,1250
872,2024,las vegas grand prix,22,43,Franco Colapinto,14,1250
873,2024,las vegas grand prix,22,18,Lance Stroll,15,1250
874,2024,las vegas grand prix,22,30,Liam Lawson,16,1250
875,2024,las vegas grand prix,22,31,Esteban Ocon,17,1250
876,2024,las vegas grand prix,22,77,Valtteri Bottas,18,1250
877,2024,las vegas grand prix,22,23,Alexander Albon,19,1250
878,2024,las vegas grand prix,22,10,Pierre Gasly,20,1250
879,2024,qatar grand prix,23,33,Max Verstappen,1,1251
880,2024,qatar grand prix,23,16,Charles Leclerc,2,1251
881,2024,qatar grand prix,23,81,Oscar Piastri,3,1251
882,2024,qatar grand prix,23,63,George Russell,4,1251
883,2024,qatar grand prix,23,10,Pierre Gasly,5,1251
884,2024,qatar grand prix,23,55,Carlos Sainz,6,1251
885,2024,qatar grand prix,23,14,Fernando Alonso,7,1251
886,2024,qatar grand prix,23,24,Guanyu Zhou,8,1251
887,2024,qatar grand prix,23,20,Kevin Magnussen,9,1251
888,2024,qatar grand prix,23,4,Lando Norris,10,1251
889,2024,qatar grand prix,23,77,Valtteri Bottas,11,1251
890,2024,qatar grand prix,23,44,Lewis Hamilton,12,1251
891,2024,qatar grand prix,23,22,Yuki Tsunoda,13,1251
892,2024,qatar grand prix,23,30,Liam Lawson,14,1251
893,2024,qatar grand prix,23,23,Alexander Albon,15,1251
894,2024,qatar grand prix,23,27,Nico Hülkenberg,16,1251
895,2024,qatar grand prix,23,11,Sergio Pérez,17,1251
896,2024,qatar grand prix,23,18,Lance Stroll,18,1251
897,2024,qatar grand prix,23,43,Franco Colapinto,19,1251
898,2024,qatar grand prix,23,31,Esteban Ocon,20,1251
899,2024,abu dhabi grand prix,24,4,Lando Norris,1,1252
900,2024,abu dhabi grand prix,24,55,Carlos Sainz,2,1252
901,2024,abu dhabi grand prix,24,16,Charles Leclerc,3,1252
902,2024,abu dhabi grand prix,24,44,Lewis Hamilton,4,1252
903,2024,abu dhabi grand prix,24,63,George Russell,5,1252
904,2024,abu dhabi grand prix,24,33,Max Verstappen,6,1252
905,2024,abu dhabi grand prix,24,10,Pierre Gasly,7,1252
906,2024,abu dhabi grand prix,24,27,Nico Hülkenberg,8,1252
907,2024,abu dhabi grand prix,24,14,Fernando Alonso,9,1252
908,2024,abu dhabi grand prix,24,81,Oscar Piastri,10,1252
909,2024,abu dhabi grand prix,24,23,Alexander Albon,11,1252
910,2024,abu dhabi grand prix,24,22,Yuki Tsunoda,12,1252
911,2024,abu dhabi grand prix,24,24,Guanyu Zhou,13,1252
912,2024,abu dhabi grand prix,24,18,Lance Stroll,14,1252
913,2024,abu dhabi grand prix,24,61,Jack Doohan,15,1252
914,2024,abu dhabi grand prix,24,20,Kevin Magnussen,16,1252
915,2024,abu dhabi grand prix,24,30,Liam Lawson,17,1252
916,2024,abu dhabi grand prix,24,77,Valtteri Bottas,18,1252
917,2024,abu dhabi grand prix,24,43,Franco Colapinto,19,1252
918,2024,abu dhabi grand prix,24,11,Sergio Pérez,20,1252
919,2025,australian grand prix,1,4,Lando Norris,1,1254
920,2025,australian grand prix,1,33,Max Verstappen,2,1254
921,2025,australian grand prix,1,63,George Russell,3,1254
922,2025,australian grand prix,1,12,Andrea Kimi Antonelli,4,1254
923,2025,australian grand prix,1,23,Alexander Albon,5,1254
924,2025,australian grand prix,1,18,Lance Stroll,6,1254
925,2025,australian grand prix,1,27,Nico Hülkenberg,7,1254
926,2025,australian grand prix,1,16,Charles Leclerc,8,1254
927,2025,australian grand prix,1,81,Oscar Piastri,9,1254
928,2025,australian grand prix,1,44,Lewis Hamilton,10,1254
929,2025,australian grand prix,1,10,Pierre Gasly,11,1254
930,2025,australian grand prix,1,22,Yuki Tsunoda,12,1254
931,2025,australian grand prix,1,31,Esteban Ocon,13,1254
932,2025,australian grand prix,1,38,Oliver Bearman,14,1254
933,2025,australian grand prix,1,30,Liam Lawson,15,1254
934,2025,australian grand prix,1,5,Gabriel Bortoleto,16,1254
935,2025,australian grand prix,1,14,Fernando Alonso,17,1254
936,2025,australian grand prix,1,55,Carlos Sainz,18,1254
937,2025,australian grand prix,1,61,Jack Doohan,19,1254
938,2025,australian grand prix,1,6,Isack Hadjar,20,1254
939,2025,chinese grand prix,2,81,Oscar Piastri,1,1255
940,2025,chinese grand prix,2,4,Lando Norris,2,1255
941,2025,chinese grand prix,2,63,George Russell,3,1255
942,2025,chinese grand prix,2,33,Max Verstappen,4,1255
943,2025,chinese grand prix,2,31,Esteban Ocon,5,1255
944,2025,chinese grand prix,2,12,Andrea Kimi Antonelli,6,1255
945,2025,chinese grand prix,2,23,Alexander Albon,7,1255
946,2025,chinese grand prix,2,38,Oliver Bearman,8,1255
947,2025,chinese grand prix,2,18,Lance Stroll,9,1255
948,2025,chinese grand prix,2,55,Carlos Sainz,10,1255
949,2025,chinese grand prix,2,6,Isack Hadjar,11,1255
950,2025,chinese grand prix,2,30,Liam Lawson,12,1255
951,2025,chinese grand prix,2,61,Jack Doohan,13,1255
952,2025,chinese grand prix,2,5,Gabriel Bortoleto,14,1255
953,2025,chinese grand prix,2,27,Nico Hülkenberg,15,1255
954,2025,chinese grand prix,2,22,Yuki Tsunoda,16,1255
955,2025,chinese grand prix,2,14,Fernando Alonso,17,1255
956,2025,chinese grand prix,2,16,Charles Leclerc,18,1255
957,2025,chinese grand prix,2,44,Lewis Hamilton,19,1255
958,2025,chinese grand prix,2,10,Pierre Gasly,20,1255
959,2025,japanese grand prix,3,33,Max Verstappen,1,1256
960,2025,japanese grand prix,3,4,Lando Norris,2,1256
961,2025,japanese grand prix,3,81,Oscar Piastri,3,1256
962,2025,japanese grand prix,3,16,Charles Leclerc,4,1256
963,2025,japanese grand prix,3,63,George Russell,5,1256
964,2025,japanese grand prix,3,12,Andrea Kimi Antonelli,6,1256
965,2025,japanese grand prix,3,44,Lewis Hamilton,7,1256
966,2025,japanese grand prix,3,6,Isack Hadjar,8,1256
967,2025,japanese grand prix,3,23,Alexander Albon,9,1256
968,2025,japanese grand prix,3,38,Oliver Bearman,10,1256
969,2025,japanese grand prix,3,14,Fernando Alonso,11,1256
970,2025,japanese grand prix,3,22,Yuki Tsunoda,12,1256
971,2025,japanese grand prix,3,10,Pierre Gasly,13,1256
972,2025,japanese grand prix,3,55,Carlos Sainz,14,1256
973,2025,japanese grand prix,3,61,Jack Doohan,15,1256
974,2025,japanese grand prix,3,27,Nico Hülkenberg,16,1256
975,2025,japanese grand prix,3,30,Liam Lawson,17,1256
976,2025,japanese grand prix,3,31,Esteban Ocon,18,1256
977,2025,japanese grand prix,3,5,Gabriel Bortoleto,19,1256
978,2025,japanese grand prix,3,18,Lance Stroll,20,1256
